timestamp,box_uid,box_title,task_id,task_name,action,user,comment
2025-09-15T17:27:58,box_1931137744416,GC,,,comment,Test,Test
2025-09-15T17:28:46,box_1931137744416,GC,mt_1757982489098,Calibrate GC,start,,
2025-09-15T17:28:59,box_1931137744416,GC,mt_1757982489098,Calibrate GC,complete,Ryan,- Should work now
2025-09-15T17:32:03,box_1931137744416,GC,mt_1757982505374,Clean GC,start,,
2025-09-15T17:32:16,box_1931137744416,GC,mt_1757982505374,Clean GC,complete,,
2025-09-15T17:33:13,box_1931137744416,GC,mt_1757982758058,tx,complete,,
2025-09-16T11:02:24,box_1931137744416,GC,,,comment,ryan,gc is pretty
2025-09-16T11:02:37,box_1931137744416,GC,mt_1757982489098,Calibrate GC,start,,
2025-09-16T11:02:50,box_1931137744416,GC,mt_1757982489098,Calibrate GC,complete,Ryan,
2025-09-16T11:03:33,box_1931137744416,GC,mt_1757982824695,test,complete,,
2025-09-16T11:03:38,box_1931137744416,GC,mt_1757982824695,test,complete,,
2025-09-16T11:03:41,box_1931137744416,GC,mt_1757982642065,test2,complete,,
2025-09-16T11:20:35,box_1931137744416,GC,mt_1757982824695,test,start,,
2025-09-16T11:28:37,box_1931137744416,GC,mt_1757982824695,test,complete,,
2025-09-16T11:47:37,box_1931137744416,GC,mt_1758048268850,Calibration,start,,
2025-09-16T11:47:59,box_1931137744416,GC,mt_1758048268850,Calibration,start,,
2025-09-16T11:48:02,box_1931137744416,GC,mt_1758048268850,Calibration,start,,
2025-09-16T11:48:03,box_1931137744416,GC,mt_1758048268850,Calibration,start,,
2025-09-16T11:48:13,box_1931137744416,GC,mt_1758048268850,Calibration,complete,ryan,blah blagh blah
2025-09-16T11:57:36,box_1931137744416,GC,mt_1757982642065,test2,start,,
2025-09-16T11:57:49,box_1931137744416,GC,mt_1757982642065,test2,complete,Ryan,did it
2025-09-16T13:11:52,box_1931137744416,GC,mt_1757982758058,tx,delete,Ryan,blah blah 2
2025-09-16T13:12:11,box_1931137744416,GC,mt_1757982489098,Calibrate GC,delete,Ryan,invalid
2025-09-16T13:12:23,box_1931137744416,GC,mt_1758048262969,Calibration,start,,
2025-09-16T13:12:37,box_1931137744416,GC,mt_1758048262969,Calibration,complete,Ryan,did it
