timestamp,box_uid,box_title,prev_status,new_status,reason,context
2026-01-08T10:38:32,box_1870504657248,Agilent GC,UNKNOWN,GREEN,QC Fresh,
2026-01-08T10:38:32,box_1870504657248,Agilent GC,UNKNOWN,GREEN,QC Fresh,
2026-01-08T10:38:32,box_1870507241056,Multitek NS,UNKNOWN,GREEN,QC Fresh,
2026-01-08T10:38:32,box_1870507241056,Multitek NS,UNKNOWN,GREEN,QC Fresh,
2026-01-08T10:38:33,box_1870507241920,Eraspec,UNKNOWN,YELLOW,QC stale (Last valid: 2026-01-07 09:35),
2026-01-08T10:38:33,box_1870507241920,Eraspec,UNKNOWN,YELLOW,QC stale (Last valid: 2026-01-07 09:35),
2026-01-08T10:38:33,box_2201765855296,PAC Flash 2,UNKNOWN,GREEN,QC Fresh,
2026-01-08T10:38:33,box_2201765855296,PAC Flash 2,UNKNOWN,GREEN,QC Fresh,
2026-01-08T10:38:33,box_1840573737440,Auto Grabner,UNKNOWN,GREEN,QC Fresh,
2026-01-08T10:38:33,box_1840573737440,Auto Grabner,UNKNOWN,GREEN,QC Fresh,
2026-01-08T10:38:33,box_1840573738448,Mini Grabner,UNKNOWN,GREEN,QC Fresh,
2026-01-08T10:38:33,box_1840573738448,Mini Grabner,UNKNOWN,GREEN,QC Fresh,
2026-01-08T10:38:33,box_1840573733840,Multitek S,UNKNOWN,YELLOW,QC stale (Last valid: 2026-01-07 08:36),
2026-01-08T10:38:33,box_1840573733840,Multitek S,UNKNOWN,YELLOW,QC stale (Last valid: 2026-01-07 08:36),
2026-01-08T10:38:33,box_2096856031904,PAC Flash 1,UNKNOWN,GREEN,QC Fresh,
2026-01-08T10:38:33,box_2096856031904,PAC Flash 1,UNKNOWN,GREEN,QC Fresh,
2026-01-08T10:38:33,box_2301728638432,Viscocity,UNKNOWN,YELLOW,QC stale (Last valid: 2025-12-19 17:08),
2026-01-08T10:38:33,box_2301728638432,Viscocity,UNKNOWN,YELLOW,QC stale (Last valid: 2025-12-19 17:08),
2026-01-08T10:38:33,box_2301728342368,Handheld API,UNKNOWN,YELLOW,QC stale (Last valid: 2025-12-23 11:25),
2026-01-08T10:38:33,box_2301728342368,Handheld API,UNKNOWN,YELLOW,QC stale (Last valid: 2025-12-23 11:25),
2026-01-08T10:38:33,box_1834023730592,AQUAMAX KF,UNKNOWN,GREEN,QC Fresh,
2026-01-08T10:38:34,box_1834023730592,AQUAMAX KF,UNKNOWN,GREEN,QC Fresh,
2026-01-08T10:38:34,box_1765996407293,Eraspec NIR,UNKNOWN,YELLOW,QC stale (Last valid: 2026-01-06 09:57),
2026-01-08T10:38:34,box_1765996407293,Eraspec NIR,UNKNOWN,YELLOW,QC stale (Last valid: 2026-01-06 09:57),
2026-01-08T10:39:52,box_1870504657248,Agilent GC,UNKNOWN,GREEN,QC Fresh,
2026-01-08T10:39:52,box_1870504657248,Agilent GC,UNKNOWN,GREEN,QC Fresh,
2026-01-08T10:39:52,box_1870507241056,Multitek NS,UNKNOWN,GREEN,QC Fresh,
2026-01-08T10:39:52,box_1870507241056,Multitek NS,UNKNOWN,GREEN,QC Fresh,
2026-01-08T10:39:53,box_1870507241920,Eraspec,UNKNOWN,YELLOW,QC stale (Last valid: 2026-01-07 09:35),
2026-01-08T10:39:53,box_1870507241920,Eraspec,UNKNOWN,YELLOW,QC stale (Last valid: 2026-01-07 09:35),
2026-01-08T10:39:53,box_2201765855296,PAC Flash 2,UNKNOWN,GREEN,QC Fresh,
2026-01-08T10:39:53,box_2201765855296,PAC Flash 2,UNKNOWN,GREEN,QC Fresh,
2026-01-08T10:39:53,box_1840573737440,Auto Grabner,UNKNOWN,GREEN,QC Fresh,
2026-01-08T10:39:53,box_1840573737440,Auto Grabner,UNKNOWN,GREEN,QC Fresh,
2026-01-08T10:39:53,box_1840573738448,Mini Grabner,UNKNOWN,GREEN,QC Fresh,
2026-01-08T10:39:53,box_1840573738448,Mini Grabner,UNKNOWN,GREEN,QC Fresh,
2026-01-08T10:39:53,box_1840573733840,Multitek S,UNKNOWN,YELLOW,QC stale (Last valid: 2026-01-07 08:36),
2026-01-08T10:39:53,box_1840573733840,Multitek S,UNKNOWN,YELLOW,QC stale (Last valid: 2026-01-07 08:36),
2026-01-08T10:39:53,box_2096856031904,PAC Flash 1,UNKNOWN,GREEN,QC Fresh,
2026-01-08T10:39:53,box_2096856031904,PAC Flash 1,UNKNOWN,GREEN,QC Fresh,
2026-01-08T10:39:53,box_2301728638432,Viscocity,UNKNOWN,YELLOW,QC stale (Last valid: 2025-12-19 17:08),
2026-01-08T10:39:53,box_2301728638432,Viscocity,UNKNOWN,YELLOW,QC stale (Last valid: 2025-12-19 17:08),
2026-01-08T10:39:53,box_2301728342368,Handheld API,UNKNOWN,YELLOW,QC stale (Last valid: 2025-12-23 11:25),
2026-01-08T10:39:53,box_2301728342368,Handheld API,UNKNOWN,YELLOW,QC stale (Last valid: 2025-12-23 11:25),
2026-01-08T10:39:53,box_1834023730592,AQUAMAX KF,UNKNOWN,GREEN,QC Fresh,
2026-01-08T10:39:53,box_1834023730592,AQUAMAX KF,UNKNOWN,GREEN,QC Fresh,
2026-01-08T10:39:54,box_1765996407293,Eraspec NIR,UNKNOWN,YELLOW,QC stale (Last valid: 2026-01-06 09:57),
2026-01-08T10:39:54,box_1765996407293,Eraspec NIR,UNKNOWN,YELLOW,QC stale (Last valid: 2026-01-06 09:57),
2026-01-08T10:40:16,box_1870504657248,Agilent GC,UNKNOWN,GREEN,QC Fresh,
2026-01-08T10:40:16,box_1870504657248,Agilent GC,UNKNOWN,GREEN,QC Fresh,
2026-01-08T10:40:16,box_1870507241056,Multitek NS,UNKNOWN,GREEN,QC Fresh,
2026-01-08T10:40:16,box_1870507241056,Multitek NS,UNKNOWN,GREEN,QC Fresh,
2026-01-08T10:40:16,box_1870507241920,Eraspec,UNKNOWN,YELLOW,QC stale (Last valid: 2026-01-07 09:35),
2026-01-08T10:40:16,box_1870507241920,Eraspec,UNKNOWN,YELLOW,QC stale (Last valid: 2026-01-07 09:35),
2026-01-08T10:40:17,box_2201765855296,PAC Flash 2,UNKNOWN,GREEN,QC Fresh,
2026-01-08T10:40:17,box_2201765855296,PAC Flash 2,UNKNOWN,GREEN,QC Fresh,
2026-01-08T10:40:17,box_1840573737440,Auto Grabner,UNKNOWN,GREEN,QC Fresh,
2026-01-08T10:40:17,box_1840573737440,Auto Grabner,UNKNOWN,GREEN,QC Fresh,
2026-01-08T10:40:17,box_1840573738448,Mini Grabner,UNKNOWN,GREEN,QC Fresh,
2026-01-08T10:40:17,box_1840573738448,Mini Grabner,UNKNOWN,GREEN,QC Fresh,
2026-01-08T10:40:17,box_1840573733840,Multitek S,UNKNOWN,YELLOW,QC stale (Last valid: 2026-01-07 08:36),
2026-01-08T10:40:17,box_1840573733840,Multitek S,UNKNOWN,YELLOW,QC stale (Last valid: 2026-01-07 08:36),
2026-01-08T10:40:17,box_2096856031904,PAC Flash 1,UNKNOWN,GREEN,QC Fresh,
2026-01-08T10:40:17,box_2096856031904,PAC Flash 1,UNKNOWN,GREEN,QC Fresh,
2026-01-08T10:40:17,box_2301728638432,Viscocity,UNKNOWN,YELLOW,QC stale (Last valid: 2025-12-19 17:08),
2026-01-08T10:40:17,box_2301728638432,Viscocity,UNKNOWN,YELLOW,QC stale (Last valid: 2025-12-19 17:08),
2026-01-08T10:40:17,box_2301728342368,Handheld API,UNKNOWN,YELLOW,QC stale (Last valid: 2025-12-23 11:25),
2026-01-08T10:40:17,box_2301728342368,Handheld API,UNKNOWN,YELLOW,QC stale (Last valid: 2025-12-23 11:25),
2026-01-08T10:40:17,box_1834023730592,AQUAMAX KF,UNKNOWN,GREEN,QC Fresh,
2026-01-08T10:40:17,box_1834023730592,AQUAMAX KF,UNKNOWN,GREEN,QC Fresh,
2026-01-08T10:40:17,box_1765996407293,Eraspec NIR,UNKNOWN,YELLOW,QC stale (Last valid: 2026-01-06 09:57),
2026-01-08T10:40:17,box_1765996407293,Eraspec NIR,UNKNOWN,YELLOW,QC stale (Last valid: 2026-01-06 09:57),
2026-01-08T10:40:43,box_1870504657248,Agilent GC,UNKNOWN,GREEN,QC Fresh,
2026-01-08T10:40:43,box_1870504657248,Agilent GC,UNKNOWN,GREEN,QC Fresh,
2026-01-08T10:40:43,box_1870507241056,Multitek NS,UNKNOWN,GREEN,QC Fresh,
2026-01-08T10:40:43,box_1870507241056,Multitek NS,UNKNOWN,GREEN,QC Fresh,
2026-01-08T10:40:43,box_1870507241920,Eraspec,UNKNOWN,YELLOW,QC stale (Last valid: 2026-01-07 09:35),
2026-01-08T10:40:44,box_1870507241920,Eraspec,UNKNOWN,YELLOW,QC stale (Last valid: 2026-01-07 09:35),
2026-01-08T10:40:44,box_2201765855296,PAC Flash 2,UNKNOWN,GREEN,QC Fresh,
2026-01-08T10:40:44,box_2201765855296,PAC Flash 2,UNKNOWN,GREEN,QC Fresh,
2026-01-08T10:40:44,box_1840573737440,Auto Grabner,UNKNOWN,GREEN,QC Fresh,
2026-01-08T10:40:44,box_1840573737440,Auto Grabner,UNKNOWN,GREEN,QC Fresh,
2026-01-08T10:40:44,box_1840573738448,Mini Grabner,UNKNOWN,GREEN,QC Fresh,
2026-01-08T10:40:44,box_1840573738448,Mini Grabner,UNKNOWN,GREEN,QC Fresh,
2026-01-08T10:40:44,box_1840573733840,Multitek S,UNKNOWN,YELLOW,QC stale (Last valid: 2026-01-07 08:36),
2026-01-08T10:40:44,box_1840573733840,Multitek S,UNKNOWN,YELLOW,QC stale (Last valid: 2026-01-07 08:36),
2026-01-08T10:40:44,box_2096856031904,PAC Flash 1,UNKNOWN,GREEN,QC Fresh,
2026-01-08T10:40:44,box_2096856031904,PAC Flash 1,UNKNOWN,GREEN,QC Fresh,
2026-01-08T10:40:44,box_2301728638432,Viscocity,UNKNOWN,YELLOW,QC stale (Last valid: 2025-12-19 17:08),
2026-01-08T10:40:44,box_2301728638432,Viscocity,UNKNOWN,YELLOW,QC stale (Last valid: 2025-12-19 17:08),
2026-01-08T10:40:44,box_2301728342368,Handheld API,UNKNOWN,YELLOW,QC stale (Last valid: 2025-12-23 11:25),
2026-01-08T10:40:44,box_2301728342368,Handheld API,UNKNOWN,YELLOW,QC stale (Last valid: 2025-12-23 11:25),
2026-01-08T10:40:44,box_1834023730592,AQUAMAX KF,UNKNOWN,GREEN,QC Fresh,
2026-01-08T10:40:44,box_1834023730592,AQUAMAX KF,UNKNOWN,GREEN,QC Fresh,
2026-01-08T10:40:45,box_1765996407293,Eraspec NIR,UNKNOWN,YELLOW,QC stale (Last valid: 2026-01-06 09:57),
2026-01-08T10:40:45,box_1765996407293,Eraspec NIR,UNKNOWN,YELLOW,QC stale (Last valid: 2026-01-06 09:57),
2026-01-08T10:56:13,box_1870504657248,Agilent GC,UNKNOWN,GREEN,QC Fresh,
2026-01-08T10:56:13,box_1870504657248,Agilent GC,UNKNOWN,GREEN,QC Fresh,
2026-01-08T10:56:13,box_1870507241056,Multitek NS,UNKNOWN,GREEN,QC Fresh,
2026-01-08T10:56:13,box_1870507241056,Multitek NS,UNKNOWN,GREEN,QC Fresh,
2026-01-08T10:56:14,box_1870507241920,Eraspec,UNKNOWN,YELLOW,QC stale (Last valid: 2026-01-07 09:35),
2026-01-08T10:56:14,box_1870507241920,Eraspec,UNKNOWN,YELLOW,QC stale (Last valid: 2026-01-07 09:35),
2026-01-08T10:56:14,box_2201765855296,PAC Flash 2,UNKNOWN,GREEN,QC Fresh,
2026-01-08T10:56:14,box_2201765855296,PAC Flash 2,UNKNOWN,GREEN,QC Fresh,
2026-01-08T10:56:14,box_1840573737440,Auto Grabner,UNKNOWN,GREEN,QC Fresh,
2026-01-08T10:56:14,box_1840573737440,Auto Grabner,UNKNOWN,GREEN,QC Fresh,
2026-01-08T10:56:14,box_1840573738448,Mini Grabner,UNKNOWN,GREEN,QC Fresh,
2026-01-08T10:56:14,box_1840573738448,Mini Grabner,UNKNOWN,GREEN,QC Fresh,
2026-01-08T10:56:14,box_1840573733840,Multitek S,UNKNOWN,YELLOW,QC stale (Last valid: 2026-01-07 08:36),
2026-01-08T10:56:14,box_1840573733840,Multitek S,UNKNOWN,YELLOW,QC stale (Last valid: 2026-01-07 08:36),
2026-01-08T10:56:14,box_2096856031904,PAC Flash 1,UNKNOWN,GREEN,QC Fresh,
2026-01-08T10:56:14,box_2096856031904,PAC Flash 1,UNKNOWN,GREEN,QC Fresh,
2026-01-08T10:56:14,box_2301728638432,Viscocity,UNKNOWN,YELLOW,QC stale (Last valid: 2025-12-19 17:08),
2026-01-08T10:56:14,box_2301728638432,Viscocity,UNKNOWN,YELLOW,QC stale (Last valid: 2025-12-19 17:08),
2026-01-08T10:56:14,box_2301728342368,Handheld API,UNKNOWN,YELLOW,QC stale (Last valid: 2025-12-23 11:25),
2026-01-08T10:56:15,box_2301728342368,Handheld API,UNKNOWN,YELLOW,QC stale (Last valid: 2025-12-23 11:25),
2026-01-08T10:56:15,box_1834023730592,AQUAMAX KF,UNKNOWN,GREEN,QC Fresh,
2026-01-08T10:56:15,box_1834023730592,AQUAMAX KF,UNKNOWN,GREEN,QC Fresh,
2026-01-08T10:56:15,box_1765996407293,Eraspec NIR,UNKNOWN,YELLOW,QC stale (Last valid: 2026-01-06 09:57),
2026-01-08T10:56:15,box_1765996407293,Eraspec NIR,UNKNOWN,YELLOW,QC stale (Last valid: 2026-01-06 09:57),
2026-01-08T10:57:15,box_2301728638432,Viscocity,YELLOW,RED,QC Out of Spec,
2026-01-08T10:57:15,box_2301728638432,Viscocity,YELLOW,RED,QC Out of Spec,
2026-01-08T10:58:16,box_2301728638432,Viscocity,RED,GREEN,QC Fresh,
2026-01-08T10:58:16,box_2301728638432,Viscocity,RED,GREEN,QC Fresh,
2026-01-08T11:13:53,box_2301728638432,Viscocity,GREEN,UNKNOWN,No valid QC data found.,
2026-01-08T11:24:49,box_1870504657248,Agilent GC,UNKNOWN,GREEN,QC Fresh,
2026-01-08T11:24:49,box_1870504657248,Agilent GC,UNKNOWN,GREEN,QC Fresh,
2026-01-08T11:24:49,box_1870507241056,Multitek NS,UNKNOWN,GREEN,QC Fresh,
2026-01-08T11:24:50,box_1870507241056,Multitek NS,UNKNOWN,GREEN,QC Fresh,
2026-01-08T11:24:50,box_1870507241920,Eraspec,UNKNOWN,YELLOW,QC stale (Last valid: 2026-01-07 09:35),
2026-01-08T11:24:50,box_1870507241920,Eraspec,UNKNOWN,YELLOW,QC stale (Last valid: 2026-01-07 09:35),
2026-01-08T11:24:50,box_2201765855296,PAC Flash 2,UNKNOWN,GREEN,QC Fresh,
2026-01-08T11:24:50,box_2201765855296,PAC Flash 2,UNKNOWN,GREEN,QC Fresh,
2026-01-08T11:24:50,box_1840573737440,Auto Grabner,UNKNOWN,GREEN,QC Fresh,
2026-01-08T11:24:50,box_1840573737440,Auto Grabner,UNKNOWN,GREEN,QC Fresh,
2026-01-08T11:24:50,box_1840573738448,Mini Grabner,UNKNOWN,GREEN,QC Fresh,
2026-01-08T11:24:50,box_1840573738448,Mini Grabner,UNKNOWN,GREEN,QC Fresh,
2026-01-08T11:24:50,box_1840573733840,Multitek S,UNKNOWN,YELLOW,QC stale (Last valid: 2026-01-07 08:36),
2026-01-08T11:24:50,box_1840573733840,Multitek S,UNKNOWN,YELLOW,QC stale (Last valid: 2026-01-07 08:36),
2026-01-08T11:24:50,box_2096856031904,PAC Flash 1,UNKNOWN,GREEN,QC Fresh,
2026-01-08T11:24:50,box_2096856031904,PAC Flash 1,UNKNOWN,GREEN,QC Fresh,
2026-01-08T11:24:50,box_2301728342368,Handheld API,UNKNOWN,YELLOW,QC stale (Last valid: 2025-12-23 11:25),
2026-01-08T11:24:50,box_2301728342368,Handheld API,UNKNOWN,YELLOW,QC stale (Last valid: 2025-12-23 11:25),
2026-01-08T11:24:50,box_1834023730592,AQUAMAX KF,UNKNOWN,GREEN,QC Fresh,
2026-01-08T11:24:50,box_1834023730592,AQUAMAX KF,UNKNOWN,GREEN,QC Fresh,
2026-01-08T11:24:51,box_1765996407293,Eraspec NIR,UNKNOWN,YELLOW,QC stale (Last valid: 2026-01-06 09:57),
2026-01-08T11:24:51,box_1765996407293,Eraspec NIR,UNKNOWN,YELLOW,QC stale (Last valid: 2026-01-06 09:57),
2026-01-08T11:31:13,box_2301728638432,Viscosity,UNKNOWN,GREEN,QC Fresh,
2026-01-08T11:32:54,box_2301728638432,Viscocity,UNKNOWN,RED,QC Out of Spec,
2026-01-08T11:32:54,box_2301728638432,Viscosity,GREEN,RED,QC Out of Spec,
2026-01-08T11:33:44,box_2301728638432,Viscosity,RED,GREEN,QC Fresh,
2026-01-08T11:33:54,box_2301728638432,Viscocity,RED,GREEN,QC Fresh,
2026-01-08T11:36:03,box_1870504657248,Agilent GC,UNKNOWN,GREEN,QC Fresh,
2026-01-08T11:36:03,box_1870507241056,Multitek NS,UNKNOWN,GREEN,QC Fresh,
2026-01-08T11:36:03,box_1870507241920,Eraspec,UNKNOWN,YELLOW,QC stale (Last valid: 2026-01-07 09:35),
2026-01-08T11:36:04,box_2201765855296,PAC Flash 2,UNKNOWN,GREEN,QC Fresh,
2026-01-08T11:36:04,box_1840573737440,Auto Grabner,UNKNOWN,GREEN,QC Fresh,
2026-01-08T11:36:04,box_1840573738448,Mini Grabner,UNKNOWN,GREEN,QC Fresh,
2026-01-08T11:36:04,box_1840573733840,Multitek S,UNKNOWN,YELLOW,QC stale (Last valid: 2026-01-07 08:36),
2026-01-08T11:36:04,box_2096856031904,PAC Flash 1,UNKNOWN,GREEN,QC Fresh,
2026-01-08T11:36:04,box_2301728638432,Viscosity,UNKNOWN,GREEN,QC Fresh,
2026-01-08T11:36:04,box_2301728342368,Handheld API,UNKNOWN,YELLOW,QC stale (Last valid: 2025-12-23 11:25),
2026-01-08T11:36:04,box_1834023730592,AQUAMAX KF,UNKNOWN,GREEN,QC Fresh,
2026-01-08T11:36:05,box_1765996407293,Eraspec NIR,UNKNOWN,YELLOW,QC stale (Last valid: 2026-01-06 09:57),
2026-01-08T11:36:08,box_1870504657248,Agilent GC,UNKNOWN,GREEN,QC Fresh,
2026-01-08T11:36:08,box_1870507241056,Multitek NS,UNKNOWN,GREEN,QC Fresh,
2026-01-08T11:36:08,box_1870507241920,Eraspec,UNKNOWN,YELLOW,QC stale (Last valid: 2026-01-07 09:35),
2026-01-08T11:36:08,box_2201765855296,PAC Flash 2,UNKNOWN,GREEN,QC Fresh,
2026-01-08T11:36:08,box_1840573737440,Auto Grabner,UNKNOWN,GREEN,QC Fresh,
2026-01-08T11:36:08,box_1840573738448,Mini Grabner,UNKNOWN,GREEN,QC Fresh,
2026-01-08T11:36:08,box_1840573733840,Multitek S,UNKNOWN,YELLOW,QC stale (Last valid: 2026-01-07 08:36),
2026-01-08T11:36:08,box_2096856031904,PAC Flash 1,UNKNOWN,GREEN,QC Fresh,
2026-01-08T11:36:09,box_2301728638432,Viscosity,UNKNOWN,GREEN,QC Fresh,
2026-01-08T11:36:09,box_2301728342368,Handheld API,UNKNOWN,YELLOW,QC stale (Last valid: 2025-12-23 11:25),
2026-01-08T11:36:09,box_1834023730592,AQUAMAX KF,UNKNOWN,GREEN,QC Fresh,
2026-01-08T11:36:09,box_1765996407293,Eraspec NIR,UNKNOWN,YELLOW,QC stale (Last valid: 2026-01-06 09:57),
2026-01-08T11:40:38,box_1870504657248,Agilent GC,UNKNOWN,GREEN,QC Fresh,
2026-01-08T11:40:38,box_1870507241056,Multitek NS,UNKNOWN,GREEN,QC Fresh,
2026-01-08T11:40:38,box_1870507241920,Eraspec,UNKNOWN,YELLOW,QC stale (Last valid: 2026-01-07 09:35),
2026-01-08T11:40:38,box_2201765855296,PAC Flash 2,UNKNOWN,GREEN,QC Fresh,
2026-01-08T11:40:38,box_1840573737440,Auto Grabner,UNKNOWN,GREEN,QC Fresh,
2026-01-08T11:40:39,box_1840573738448,Mini Grabner,UNKNOWN,GREEN,QC Fresh,
2026-01-08T11:40:39,box_1840573733840,Multitek S,UNKNOWN,YELLOW,QC stale (Last valid: 2026-01-07 08:36),
2026-01-08T11:40:39,box_2096856031904,PAC Flash 1,UNKNOWN,GREEN,QC Fresh,
2026-01-08T11:40:39,box_2301728638432,Viscosity,UNKNOWN,GREEN,QC Fresh,
2026-01-08T11:40:39,box_2301728342368,Handheld API,UNKNOWN,YELLOW,QC stale (Last valid: 2025-12-23 11:25),
2026-01-08T11:40:39,box_1834023730592,AQUAMAX KF,UNKNOWN,GREEN,QC Fresh,
2026-01-08T11:40:39,box_1765996407293,Eraspec NIR,UNKNOWN,YELLOW,QC stale (Last valid: 2026-01-06 09:57),
2026-01-08T11:40:42,box_1870504657248,Agilent GC,UNKNOWN,GREEN,QC Fresh,
2026-01-08T11:40:43,box_1870507241056,Multitek NS,UNKNOWN,GREEN,QC Fresh,
2026-01-08T11:40:43,box_1870507241920,Eraspec,UNKNOWN,YELLOW,QC stale (Last valid: 2026-01-07 09:35),
2026-01-08T11:40:43,box_2201765855296,PAC Flash 2,UNKNOWN,GREEN,QC Fresh,
2026-01-08T11:40:43,box_1840573737440,Auto Grabner,UNKNOWN,GREEN,QC Fresh,
2026-01-08T11:40:43,box_1840573738448,Mini Grabner,UNKNOWN,GREEN,QC Fresh,
2026-01-08T11:40:43,box_1840573733840,Multitek S,UNKNOWN,YELLOW,QC stale (Last valid: 2026-01-07 08:36),
2026-01-08T11:40:43,box_2096856031904,PAC Flash 1,UNKNOWN,GREEN,QC Fresh,
2026-01-08T11:40:44,box_2301728638432,Viscosity,UNKNOWN,GREEN,QC Fresh,
2026-01-08T11:40:44,box_2301728342368,Handheld API,UNKNOWN,YELLOW,QC stale (Last valid: 2025-12-23 11:25),
2026-01-08T11:40:44,box_1834023730592,AQUAMAX KF,UNKNOWN,GREEN,QC Fresh,
2026-01-08T11:40:44,box_1765996407293,Eraspec NIR,UNKNOWN,YELLOW,QC stale (Last valid: 2026-01-06 09:57),
2026-01-08T11:42:14,box_1870504657248,Agilent GC,UNKNOWN,GREEN,QC Fresh,
2026-01-08T11:42:15,box_1870507241056,Multitek NS,UNKNOWN,GREEN,QC Fresh,
2026-01-08T11:42:15,box_1870507241920,Eraspec,UNKNOWN,YELLOW,QC stale (Last valid: 2026-01-07 09:35),
2026-01-08T11:42:15,box_2201765855296,PAC Flash 2,UNKNOWN,GREEN,QC Fresh,
2026-01-08T11:42:15,box_1840573737440,Auto Grabner,UNKNOWN,GREEN,QC Fresh,
2026-01-08T11:42:15,box_1840573738448,Mini Grabner,UNKNOWN,GREEN,QC Fresh,
2026-01-08T11:42:15,box_1840573733840,Multitek S,UNKNOWN,YELLOW,QC stale (Last valid: 2026-01-07 08:36),
2026-01-08T11:42:15,box_2096856031904,PAC Flash 1,UNKNOWN,GREEN,QC Fresh,
2026-01-08T11:42:16,box_2301728638432,Viscosity,UNKNOWN,GREEN,QC Fresh,
2026-01-08T11:42:16,box_2301728342368,Handheld API,UNKNOWN,YELLOW,QC stale (Last valid: 2025-12-23 11:25),
2026-01-08T11:42:16,box_1834023730592,AQUAMAX KF,UNKNOWN,GREEN,QC Fresh,
2026-01-08T11:42:16,box_1765996407293,Eraspec NIR,UNKNOWN,YELLOW,QC stale (Last valid: 2026-01-06 09:57),
2026-01-08T11:42:20,box_1870504657248,Agilent GC,UNKNOWN,GREEN,QC Fresh,
2026-01-08T11:42:20,box_1870507241056,Multitek NS,UNKNOWN,GREEN,QC Fresh,
2026-01-08T11:42:20,box_1870507241920,Eraspec,UNKNOWN,YELLOW,QC stale (Last valid: 2026-01-07 09:35),
2026-01-08T11:42:20,box_2201765855296,PAC Flash 2,UNKNOWN,GREEN,QC Fresh,
2026-01-08T11:42:20,box_1840573737440,Auto Grabner,UNKNOWN,GREEN,QC Fresh,
2026-01-08T11:42:20,box_1840573738448,Mini Grabner,UNKNOWN,GREEN,QC Fresh,
2026-01-08T11:42:21,box_1840573733840,Multitek S,UNKNOWN,YELLOW,QC stale (Last valid: 2026-01-07 08:36),
2026-01-08T11:42:21,box_2096856031904,PAC Flash 1,UNKNOWN,GREEN,QC Fresh,
2026-01-08T11:42:21,box_2301728638432,Viscosity,UNKNOWN,GREEN,QC Fresh,
2026-01-08T11:42:21,box_2301728342368,Handheld API,UNKNOWN,YELLOW,QC stale (Last valid: 2025-12-23 11:25),
2026-01-08T11:42:21,box_1834023730592,AQUAMAX KF,UNKNOWN,GREEN,QC Fresh,
2026-01-08T11:42:21,box_1765996407293,Eraspec NIR,UNKNOWN,YELLOW,QC stale (Last valid: 2026-01-06 09:57),
2026-01-08T11:42:30,box_1870504657248,Agilent GC,UNKNOWN,GREEN,QC Fresh,
2026-01-08T11:42:30,box_1870507241056,Multitek NS,UNKNOWN,GREEN,QC Fresh,
2026-01-08T11:42:30,box_1870507241920,Eraspec,UNKNOWN,YELLOW,QC stale (Last valid: 2026-01-07 09:35),
2026-01-08T11:42:30,box_2201765855296,PAC Flash 2,UNKNOWN,GREEN,QC Fresh,
2026-01-08T11:42:30,box_1840573737440,Auto Grabner,UNKNOWN,GREEN,QC Fresh,
2026-01-08T11:42:30,box_1840573738448,Mini Grabner,UNKNOWN,GREEN,QC Fresh,
2026-01-08T11:42:31,box_1840573733840,Multitek S,UNKNOWN,YELLOW,QC stale (Last valid: 2026-01-07 08:36),
2026-01-08T11:42:31,box_2096856031904,PAC Flash 1,UNKNOWN,GREEN,QC Fresh,
2026-01-08T11:42:31,box_2301728638432,Viscosity,UNKNOWN,GREEN,QC Fresh,
2026-01-08T11:42:31,box_2301728342368,Handheld API,UNKNOWN,YELLOW,QC stale (Last valid: 2025-12-23 11:25),
2026-01-08T11:42:31,box_1834023730592,AQUAMAX KF,UNKNOWN,GREEN,QC Fresh,
2026-01-08T11:42:31,box_1765996407293,Eraspec NIR,UNKNOWN,YELLOW,QC stale (Last valid: 2026-01-06 09:57),
2026-01-08T11:42:35,box_1870504657248,Agilent GC,UNKNOWN,GREEN,QC Fresh,
2026-01-08T11:42:35,box_1870507241056,Multitek NS,UNKNOWN,GREEN,QC Fresh,
2026-01-08T11:42:35,box_1870507241920,Eraspec,UNKNOWN,YELLOW,QC stale (Last valid: 2026-01-07 09:35),
2026-01-08T11:42:35,box_2201765855296,PAC Flash 2,UNKNOWN,GREEN,QC Fresh,
2026-01-08T11:42:35,box_1840573737440,Auto Grabner,UNKNOWN,GREEN,QC Fresh,
2026-01-08T11:42:35,box_1840573738448,Mini Grabner,UNKNOWN,GREEN,QC Fresh,
2026-01-08T11:42:35,box_1840573733840,Multitek S,UNKNOWN,YELLOW,QC stale (Last valid: 2026-01-07 08:36),
2026-01-08T11:42:35,box_2096856031904,PAC Flash 1,UNKNOWN,GREEN,QC Fresh,
2026-01-08T11:42:35,box_2301728638432,Viscosity,UNKNOWN,GREEN,QC Fresh,
2026-01-08T11:42:35,box_2301728342368,Handheld API,UNKNOWN,YELLOW,QC stale (Last valid: 2025-12-23 11:25),
2026-01-08T11:42:35,box_1834023730592,AQUAMAX KF,UNKNOWN,GREEN,QC Fresh,
2026-01-08T11:42:35,box_1765996407293,Eraspec NIR,UNKNOWN,YELLOW,QC stale (Last valid: 2026-01-06 09:57),
2026-01-08T11:52:21,box_175810797800002,OptiMPP 2,UNKNOWN,GREEN,QC Fresh,
2026-01-08T11:56:09,box_1870504657248,Agilent GC,UNKNOWN,GREEN,QC Fresh,
2026-01-08T11:56:09,box_1870507241056,Multitek NS,UNKNOWN,GREEN,QC Fresh,
2026-01-08T11:56:10,box_1870507241920,Eraspec,UNKNOWN,YELLOW,QC stale (Last valid: 2026-01-07 09:35),
2026-01-08T11:56:10,box_2201765855296,PAC Flash 2,UNKNOWN,GREEN,QC Fresh,
2026-01-08T11:56:10,box_1840573737440,Auto Grabner,UNKNOWN,GREEN,QC Fresh,
2026-01-08T11:56:10,box_1840573738448,Mini Grabner,UNKNOWN,GREEN,QC Fresh,
2026-01-08T11:56:10,box_1840573733840,Multitek S,UNKNOWN,YELLOW,QC stale (Last valid: 2026-01-07 08:36),
2026-01-08T11:56:10,box_2096856031904,PAC Flash 1,UNKNOWN,GREEN,QC Fresh,
2026-01-08T11:56:10,box_2301728638432,Viscosity,UNKNOWN,GREEN,QC Fresh,
2026-01-08T11:56:10,box_2301728342368,Handheld API,UNKNOWN,YELLOW,QC stale (Last valid: 2025-12-23 11:25),
2026-01-08T11:56:11,box_175810797800002,OptiMPP 2,UNKNOWN,GREEN,QC Fresh,
2026-01-08T11:56:11,box_1834023730592,AQUAMAX KF,UNKNOWN,GREEN,QC Fresh,
2026-01-08T11:56:11,box_1765996407293,Eraspec NIR,UNKNOWN,YELLOW,QC stale (Last valid: 2026-01-06 09:57),
2026-01-08T11:56:14,box_1870504657248,Agilent GC,UNKNOWN,GREEN,QC Fresh,
2026-01-08T11:56:14,box_1870507241056,Multitek NS,UNKNOWN,GREEN,QC Fresh,
2026-01-08T11:56:14,box_1870507241920,Eraspec,UNKNOWN,YELLOW,QC stale (Last valid: 2026-01-07 09:35),
2026-01-08T11:56:14,box_2201765855296,PAC Flash 2,UNKNOWN,GREEN,QC Fresh,
2026-01-08T11:56:14,box_1840573737440,Auto Grabner,UNKNOWN,GREEN,QC Fresh,
2026-01-08T11:56:15,box_1840573738448,Mini Grabner,UNKNOWN,GREEN,QC Fresh,
2026-01-08T11:56:15,box_1840573733840,Multitek S,UNKNOWN,YELLOW,QC stale (Last valid: 2026-01-07 08:36),
2026-01-08T11:56:15,box_2096856031904,PAC Flash 1,UNKNOWN,GREEN,QC Fresh,
2026-01-08T11:56:15,box_2301728638432,Viscosity,UNKNOWN,GREEN,QC Fresh,
2026-01-08T11:56:15,box_2301728342368,Handheld API,UNKNOWN,YELLOW,QC stale (Last valid: 2025-12-23 11:25),
2026-01-08T11:56:15,box_175810797800002,OptiMPP 2,UNKNOWN,GREEN,QC Fresh,
2026-01-08T11:56:15,box_1834023730592,AQUAMAX KF,UNKNOWN,GREEN,QC Fresh,
2026-01-08T11:56:15,box_1765996407293,Eraspec NIR,UNKNOWN,YELLOW,QC stale (Last valid: 2026-01-06 09:57),
2026-01-08T11:57:03,box_175810797800002,OptiMPP 2,UNKNOWN,GREEN,QC Fresh,
2026-01-08T11:57:04,box_175810797800002,OptiMPP 2,UNKNOWN,GREEN,QC Fresh,
2026-01-08T11:59:46,box_1870504657248,Agilent GC,UNKNOWN,GREEN,QC Fresh,
2026-01-08T11:59:46,box_1870507241056,Multitek NS,UNKNOWN,GREEN,QC Fresh,
2026-01-08T11:59:46,box_1870507241920,Eraspec,UNKNOWN,YELLOW,QC stale (Last valid: 2026-01-07 09:35),
2026-01-08T11:59:46,box_2201765855296,PAC Flash 2,UNKNOWN,GREEN,QC Fresh,
2026-01-08T11:59:46,box_1840573737440,Auto Grabner,UNKNOWN,GREEN,QC Fresh,
2026-01-08T11:59:46,box_1840573738448,Mini Grabner,UNKNOWN,GREEN,QC Fresh,
2026-01-08T11:59:46,box_1840573733840,Multitek S,UNKNOWN,YELLOW,QC stale (Last valid: 2026-01-07 08:36),
2026-01-08T11:59:46,box_2096856031904,PAC Flash 1,UNKNOWN,GREEN,QC Fresh,
2026-01-08T11:59:46,box_2301728638432,Viscosity,UNKNOWN,GREEN,QC Fresh,
2026-01-08T11:59:46,box_2301728342368,Handheld API,UNKNOWN,YELLOW,QC stale (Last valid: 2025-12-23 11:25),
2026-01-08T11:59:47,box_175810797800002,OptiMPP 2,UNKNOWN,GREEN,QC Fresh,
2026-01-08T11:59:47,box_1834023730592,AQUAMAX KF,UNKNOWN,GREEN,QC Fresh,
2026-01-08T11:59:47,box_1765996407293,Eraspec NIR,UNKNOWN,YELLOW,QC stale (Last valid: 2026-01-06 09:57),
2026-01-08T12:00:15,box_1870504657248,Agilent GC,UNKNOWN,GREEN,QC Fresh,
2026-01-08T12:00:15,box_1870507241056,Multitek NS,UNKNOWN,GREEN,QC Fresh,
2026-01-08T12:00:15,box_1870507241920,Eraspec,UNKNOWN,YELLOW,QC stale (Last valid: 2026-01-07 09:35),
2026-01-08T12:00:15,box_2201765855296,PAC Flash 2,UNKNOWN,GREEN,QC Fresh,
2026-01-08T12:00:15,box_1840573737440,Auto Grabner,UNKNOWN,GREEN,QC Fresh,
2026-01-08T12:00:15,box_1840573738448,Mini Grabner,UNKNOWN,GREEN,QC Fresh,
2026-01-08T12:00:15,box_1840573733840,Multitek S,UNKNOWN,YELLOW,QC stale (Last valid: 2026-01-07 08:36),
2026-01-08T12:00:16,box_2096856031904,PAC Flash 1,UNKNOWN,GREEN,QC Fresh,
2026-01-08T12:00:16,box_2301728638432,Viscosity,UNKNOWN,GREEN,QC Fresh,
2026-01-08T12:00:16,box_2301728342368,Handheld API,UNKNOWN,YELLOW,QC stale (Last valid: 2025-12-23 11:25),
2026-01-08T12:00:16,box_175810797800002,OptiMPP 2,UNKNOWN,GREEN,QC Fresh,
2026-01-08T12:00:16,box_1834023730592,AQUAMAX KF,UNKNOWN,GREEN,QC Fresh,
2026-01-08T12:00:16,box_1765996407293,Eraspec NIR,UNKNOWN,YELLOW,QC stale (Last valid: 2026-01-06 09:57),
2026-01-08T12:00:20,box_1870504657248,Agilent GC,UNKNOWN,GREEN,QC Fresh,
2026-01-08T12:00:20,box_1870507241056,Multitek NS,UNKNOWN,GREEN,QC Fresh,
2026-01-08T12:00:20,box_1870507241920,Eraspec,UNKNOWN,YELLOW,QC stale (Last valid: 2026-01-07 09:35),
2026-01-08T12:00:20,box_2201765855296,PAC Flash 2,UNKNOWN,GREEN,QC Fresh,
2026-01-08T12:00:20,box_1840573737440,Auto Grabner,UNKNOWN,GREEN,QC Fresh,
2026-01-08T12:00:20,box_1840573738448,Mini Grabner,UNKNOWN,GREEN,QC Fresh,
2026-01-08T12:00:20,box_1840573733840,Multitek S,UNKNOWN,YELLOW,QC stale (Last valid: 2026-01-07 08:36),
2026-01-08T12:00:20,box_2096856031904,PAC Flash 1,UNKNOWN,GREEN,QC Fresh,
2026-01-08T12:00:20,box_2301728638432,Viscosity,UNKNOWN,GREEN,QC Fresh,
2026-01-08T12:00:21,box_2301728342368,Handheld API,UNKNOWN,YELLOW,QC stale (Last valid: 2025-12-23 11:25),
2026-01-08T12:00:21,box_175810797800002,OptiMPP 2,UNKNOWN,GREEN,QC Fresh,
2026-01-08T12:00:21,box_1834023730592,AQUAMAX KF,UNKNOWN,GREEN,QC Fresh,
2026-01-08T12:00:21,box_1765996407293,Eraspec NIR,UNKNOWN,YELLOW,QC stale (Last valid: 2026-01-06 09:57),
2026-01-08T12:43:30,box_1870507241920,Eraspec,YELLOW,GREEN,QC Fresh,
2026-01-08T12:43:34,box_1870507241920,Eraspec,YELLOW,GREEN,QC Fresh,
2026-01-08T12:44:21,box_1870507241920,Eraspec,YELLOW,GREEN,QC Fresh,
2026-01-08T13:11:39,box_175810797800001,OptiMPP 1,UNKNOWN,GREEN,QC Fresh,
2026-01-08T13:11:41,box_175810797800001,OptiMPP 1,UNKNOWN,GREEN,QC Fresh,
2026-01-08T13:12:31,box_175810797800001,OptiMPP 1,UNKNOWN,GREEN,QC Fresh,
2026-01-08T14:18:43,box_2301728342368,Handheld API,YELLOW,GREEN,QC Fresh,
2026-01-08T14:18:59,box_2301728342368,Handheld API,YELLOW,GREEN,QC Fresh,
2026-01-08T14:30:48,box_1840573733840,Multitek S,YELLOW,UNKNOWN,,
2026-01-08T14:31:03,box_1840573733840,Multitek S,YELLOW,UNKNOWN,,
2026-01-08T14:44:54,box_1840573733840,Multitek S,UNKNOWN,GREEN,QC Fresh,
2026-01-08T14:45:08,box_1840573733840,Multitek S,UNKNOWN,GREEN,QC Fresh,
2026-01-08T14:51:57,box_2301728342368,Handheld API,GREEN,UNKNOWN,,
2026-01-08T14:52:57,box_2301728342368,Handheld API,UNKNOWN,GREEN,QC Fresh,
2026-01-09T08:24:24,box_1840573738448,Mini Grabner,GREEN,UNKNOWN,,
2026-01-09T08:24:24,box_1834023730592,AQUAMAX KF,GREEN,UNKNOWN,,
2026-01-09T08:40:30,box_2096856031904,PAC Flash 1,GREEN,YELLOW,QC stale (Last valid: 2026-01-08 08:40),
2026-01-09T08:41:31,box_2201765855296,PAC Flash 2,GREEN,YELLOW,QC stale (Last valid: 2026-01-08 08:41),
2026-01-09T08:41:31,box_2201765855296,PAC Flash 2,GREEN,YELLOW,QC stale (Last valid: 2026-01-08 08:41),
2026-01-09T08:52:35,box_1870507241920,Eraspec,GREEN,RED,QC Out of Spec,
2026-01-09T08:52:35,box_1870507241920,Eraspec,GREEN,RED,QC Out of Spec,
2026-01-09T09:00:38,box_1870507241056,Multitek NS,GREEN,YELLOW,QC stale (Last valid: 2026-01-08 09:00),
2026-01-09T09:03:39,box_1870507241920,Eraspec,RED,GREEN,QC Fresh,
2026-01-09T09:05:40,box_1840573737440,Auto Grabner,GREEN,YELLOW,QC stale (Last valid: 2026-01-08 09:05),
2026-01-09T09:06:41,box_1834023730592,AQUAMAX KF,UNKNOWN,GREEN,QC Fresh,
2026-01-09T09:08:42,box_2201765855296,PAC Flash 2,YELLOW,GREEN,QC Fresh,
2026-01-09T09:08:42,box_2096856031904,PAC Flash 1,YELLOW,GREEN,QC Fresh,
2026-01-09T09:08:42,box_2096856031904,PAC Flash 1,YELLOW,GREEN,QC Fresh,
2026-01-09T09:10:43,box_1840573738448,Mini Grabner,UNKNOWN,GREEN,QC Fresh,
2026-01-09T09:12:42,box_1870507241056,Multitek NS,GREEN,YELLOW,QC stale (Last valid: 2026-01-08 09:00),
2026-01-09T09:12:42,box_1840573737440,Auto Grabner,GREEN,YELLOW,QC stale (Last valid: 2026-01-08 09:05),
2026-01-09T10:01:01,box_1840573737440,Auto Grabner,YELLOW,GREEN,QC Fresh,
2026-01-09T10:01:03,box_1840573737440,Auto Grabner,YELLOW,GREEN,QC Fresh,
2026-01-09T10:31:00,box_1870507241920,Eraspec,GREEN,UNKNOWN,,
2026-01-09T10:31:00,box_1765996407293,Eraspec NIR,YELLOW,UNKNOWN,,
2026-01-09T10:31:07,box_1870504657248,Agilent GC,GREEN,UNKNOWN,,
2026-01-09T10:31:07,box_1870507241056,Multitek NS,YELLOW,UNKNOWN,,
2026-01-09T10:31:07,box_2201765855296,PAC Flash 2,GREEN,UNKNOWN,,
2026-01-09T10:31:07,box_1840573737440,Auto Grabner,GREEN,UNKNOWN,,
2026-01-09T10:31:07,box_1840573738448,Mini Grabner,GREEN,UNKNOWN,,
2026-01-09T10:31:07,box_1840573733840,Multitek S,GREEN,UNKNOWN,,
2026-01-09T10:31:07,box_2096856031904,PAC Flash 1,GREEN,UNKNOWN,,
2026-01-09T10:31:07,box_2301728638432,Viscosity,GREEN,UNKNOWN,,
2026-01-09T10:31:07,box_2301728342368,Handheld API,GREEN,UNKNOWN,,
2026-01-09T10:31:07,box_1834023730592,AQUAMAX KF,GREEN,UNKNOWN,,
2026-01-09T10:36:51,box_1840573738448,Mini Grabner,UNKNOWN,GREEN,QC Fresh,
2026-01-09T10:37:01,box_2096856031904,PAC Flash 1,UNKNOWN,GREEN,QC Fresh,
2026-01-09T10:37:09,box_2201765855296,PAC Flash 2,UNKNOWN,GREEN,QC Fresh,
2026-01-09T10:37:23,box_1840573737440,Auto Grabner,UNKNOWN,GREEN,QC Fresh,
2026-01-09T10:37:33,box_1834023730592,AQUAMAX KF,UNKNOWN,GREEN,QC Fresh,
2026-01-09T10:37:39,box_2301728638432,Viscosity,UNKNOWN,GREEN,QC Fresh,
2026-01-09T10:38:47,box_1765996407293,Eraspec NIR,UNKNOWN,RED,QC Out of Spec,
2026-01-09T10:39:35,box_1765996407293,Eraspec NIR,RED,UNKNOWN,No valid QC data found.,
2026-01-09T10:40:53,box_1870507241056,Multitek NS,UNKNOWN,YELLOW,QC stale (Last valid: 2026-01-08 09:00),
2026-01-09T10:40:59,box_1840573733840,Multitek S,UNKNOWN,GREEN,QC Fresh,
2026-01-09T10:41:23,box_1870504657248,Agilent GC,UNKNOWN,GREEN,QC Fresh,
2026-01-09T10:58:25,box_1870504657248,Agilent GC,GREEN,UNKNOWN,,
2026-01-09T10:58:27,box_1870504657248,Agilent GC,GREEN,UNKNOWN,,
2026-01-09T11:12:31,box_1870504657248,Agilent GC,UNKNOWN,RED,QC Out of Spec,
2026-01-09T11:12:31,box_1870504657248,Agilent GC,UNKNOWN,RED,QC Out of Spec,
2026-01-09T11:12:35,box_1870504657248,Agilent GC,UNKNOWN,RED,QC Out of Spec,
2026-01-09T11:16:33,box_1870507241920,Eraspec,UNKNOWN,RED,QC Out of Spec,
2026-01-09T11:24:39,box_1765996407293,Eraspec NIR,UNKNOWN,RED,QC Out of Spec,
2026-01-09T11:24:40,box_1765996407293,Eraspec NIR,YELLOW,UNKNOWN,,
2026-01-09T11:25:38,box_1765996407293,Eraspec NIR,YELLOW,UNKNOWN,,
2026-01-09T11:29:39,box_1765996407293,Eraspec NIR,UNKNOWN,GREEN,QC Fresh,
2026-01-09T11:29:42,box_1765996407293,Eraspec NIR,UNKNOWN,GREEN,QC Fresh,
2026-01-09T11:33:41,box_2301728638432,Viscosity,GREEN,YELLOW,QC stale (Last valid: 2026-01-08 11:33),
2026-01-09T11:33:44,box_2301728638432,Viscosity,GREEN,YELLOW,QC stale (Last valid: 2026-01-08 11:33),
2026-01-09T15:15:06,box_2301728342368,Handheld API,GREEN,YELLOW,QC stale (Last valid: 2026-01-08 15:14),
2026-01-09T15:15:07,box_2301728342368,Handheld API,GREEN,YELLOW,QC stale (Last valid: 2026-01-08 15:14),
2026-01-09T15:22:09,box_1870507241920,Eraspec,RED,UNKNOWN,No valid QC data found.,
2026-01-09T15:24:10,box_1870507241920,Eraspec,UNKNOWN,GREEN,QC Fresh,
2026-01-09T15:48:20,box_175810797800002,OptiMPP 2,GREEN,UNKNOWN,,
2026-01-09T15:48:19,box_175810797800002,OptiMPP 2,GREEN,UNKNOWN,,
2026-01-09T15:48:19,box_175810797800002,OptiMPP 2,GREEN,UNKNOWN,,
2026-01-10T09:03:43,box_1870507241920,Eraspec,GREEN,YELLOW,QC stale (Last valid: 2026-01-09 09:02),
2026-01-10T09:03:43,box_1870507241920,Eraspec,GREEN,YELLOW,QC stale (Last valid: 2026-01-09 09:02),
2026-01-10T09:05:44,box_1840573733840,Multitek S,GREEN,YELLOW,QC stale (Last valid: 2026-01-09 09:05),
2026-01-10T09:08:45,box_2201765855296,PAC Flash 2,GREEN,YELLOW,QC stale (Last valid: 2026-01-09 09:08),
2026-01-10T09:08:45,box_2096856031904,PAC Flash 1,GREEN,YELLOW,QC stale (Last valid: 2026-01-09 09:07),
2026-01-10T09:08:45,box_2096856031904,PAC Flash 1,GREEN,YELLOW,QC stale (Last valid: 2026-01-09 09:07),
2026-01-10T09:46:59,box_1840573738448,Mini Grabner,GREEN,YELLOW,QC stale (Last valid: 2026-01-09 09:46),
2026-01-10T09:46:59,box_1840573738448,Mini Grabner,GREEN,YELLOW,QC stale (Last valid: 2026-01-09 09:46),
2026-01-10T10:01:05,box_1840573737440,Auto Grabner,GREEN,YELLOW,QC stale (Last valid: 2026-01-09 10:00),
2026-01-10T11:29:39,box_1765996407293,Eraspec NIR,GREEN,YELLOW,QC stale (Last valid: 2026-01-09 11:29),
2026-01-10T15:33:09,box_1834023730592,AQUAMAX KF,GREEN,YELLOW,QC stale (Last valid: 2026-01-09 15:32),
2026-01-12T08:46:21,box_1870507241056,Multitek NS,YELLOW,UNKNOWN,,
2026-01-12T09:02:27,box_1870507241056,Multitek NS,UNKNOWN,GREEN,QC Fresh,
2026-01-12T09:02:27,box_1870507241056,Multitek NS,UNKNOWN,GREEN,QC Fresh,
2026-01-12T09:02:27,box_1840573738448,Mini Grabner,YELLOW,GREEN,QC Fresh,
2026-01-12T09:02:27,box_1840573738448,Mini Grabner,YELLOW,GREEN,QC Fresh,
2026-01-12T09:07:07,box_1870504657248,Agilent GC,UNKNOWN,RED,QC Out of Spec,
2026-01-12T09:07:07,box_1870507241056,Multitek NS,UNKNOWN,GREEN,QC Fresh,
2026-01-12T09:07:07,box_1870507241920,Eraspec,UNKNOWN,YELLOW,QC stale (Last valid: 2026-01-09 09:02),
2026-01-12T09:07:07,box_2201765855296,PAC Flash 2,UNKNOWN,YELLOW,QC stale (Last valid: 2026-01-09 09:08),
2026-01-12T09:07:07,box_1840573737440,Auto Grabner,UNKNOWN,YELLOW,QC stale (Last valid: 2026-01-09 10:00),
2026-01-12T09:07:07,box_1840573738448,Mini Grabner,UNKNOWN,GREEN,QC Fresh,
2026-01-12T09:07:07,box_1840573733840,Multitek S,UNKNOWN,YELLOW,QC stale (Last valid: 2026-01-09 09:05),
2026-01-12T09:07:07,box_2096856031904,PAC Flash 1,UNKNOWN,YELLOW,QC stale (Last valid: 2026-01-09 09:07),
2026-01-12T09:07:07,box_2301728638432,Viscosity,UNKNOWN,YELLOW,QC stale (Last valid: 2026-01-08 11:33),
2026-01-12T09:07:07,box_175810797800001,OptiMPP 1,UNKNOWN,GREEN,QC Fresh,
2026-01-12T09:07:07,box_1834023730592,AQUAMAX KF,UNKNOWN,YELLOW,QC stale (Last valid: 2026-01-09 15:32),
2026-01-12T09:07:08,box_1765996407293,Eraspec NIR,UNKNOWN,RED,QC Out of Spec,
2026-01-12T09:07:11,box_1870504657248,Agilent GC,UNKNOWN,RED,QC Out of Spec,
2026-01-12T09:07:11,box_1870507241056,Multitek NS,UNKNOWN,GREEN,QC Fresh,
2026-01-12T09:07:11,box_1870507241920,Eraspec,UNKNOWN,YELLOW,QC stale (Last valid: 2026-01-09 09:02),
2026-01-12T09:07:12,box_2201765855296,PAC Flash 2,UNKNOWN,YELLOW,QC stale (Last valid: 2026-01-09 09:08),
2026-01-12T09:07:12,box_1840573737440,Auto Grabner,UNKNOWN,YELLOW,QC stale (Last valid: 2026-01-09 10:00),
2026-01-12T09:07:12,box_1840573738448,Mini Grabner,UNKNOWN,GREEN,QC Fresh,
2026-01-12T09:07:12,box_1840573733840,Multitek S,UNKNOWN,YELLOW,QC stale (Last valid: 2026-01-09 09:05),
2026-01-12T09:07:12,box_2096856031904,PAC Flash 1,UNKNOWN,YELLOW,QC stale (Last valid: 2026-01-09 09:07),
2026-01-12T09:07:12,box_2301728638432,Viscosity,UNKNOWN,YELLOW,QC stale (Last valid: 2026-01-08 11:33),
2026-01-12T09:07:12,box_175810797800001,OptiMPP 1,UNKNOWN,GREEN,QC Fresh,
2026-01-12T09:07:12,box_1834023730592,AQUAMAX KF,UNKNOWN,YELLOW,QC stale (Last valid: 2026-01-09 15:32),
2026-01-12T09:07:12,box_1765996407293,Eraspec NIR,UNKNOWN,RED,QC Out of Spec,
2026-01-12T09:08:09,box_2201765855296,PAC Flash 2,YELLOW,GREEN,QC Fresh,
2026-01-12T09:08:13,box_2201765855296,PAC Flash 2,YELLOW,GREEN,QC Fresh,
2026-01-12T09:08:13,box_2096856031904,PAC Flash 1,YELLOW,GREEN,QC Fresh,
2026-01-12T09:09:10,box_2096856031904,PAC Flash 1,YELLOW,GREEN,QC Fresh,
2026-01-12T09:09:10,box_1834023730592,AQUAMAX KF,YELLOW,UNKNOWN,,
2026-01-12T09:09:13,box_1834023730592,AQUAMAX KF,YELLOW,UNKNOWN,,
2026-01-12T09:18:13,box_1834023730592,AQUAMAX KF,UNKNOWN,GREEN,QC Fresh,
2026-01-12T09:18:16,box_1834023730592,AQUAMAX KF,UNKNOWN,GREEN,QC Fresh,
2026-01-12T09:37:21,box_1840573737440,Auto Grabner,YELLOW,GREEN,QC Fresh,
2026-01-12T09:37:22,box_1840573737440,Auto Grabner,YELLOW,GREEN,QC Fresh,
2026-01-12T11:32:08,box_1870507241920,Eraspec,YELLOW,RED,QC Out of Spec,
2026-01-12T13:13:51,box_1870507241920,Eraspec,RED,UNKNOWN,No valid QC data found.,
2026-01-12T13:13:51,box_1870507241920,Eraspec,RED,UNKNOWN,No valid QC data found.,
2026-01-12T14:05:12,box_1765996407293,Eraspec NIR,RED,UNKNOWN,No valid QC data found.,
2026-01-12T14:05:12,box_1765996407293,Eraspec NIR,RED,UNKNOWN,No valid QC data found.,
2026-01-12T15:09:37,box_1870507241920,Eraspec,UNKNOWN,RED,QC Out of Spec,
2026-01-12T15:13:38,box_1765996407293,Eraspec NIR,UNKNOWN,RED,QC Out of Spec,
2026-01-12T15:18:40,box_1870507241920,Eraspec,RED,UNKNOWN,No valid QC data found.,
2026-01-12T15:18:40,box_1870507241920,Eraspec,RED,UNKNOWN,No valid QC data found.,
2026-01-12T16:21:05,box_1840573733840,Multitek S,YELLOW,UNKNOWN,,
2026-01-12T17:16:26,box_175810797800002,OptiMPP 2,UNKNOWN,GREEN,QC Fresh,
2026-01-12T17:16:26,box_175810797800002,OptiMPP 2,UNKNOWN,GREEN,QC Fresh,
2026-01-12T17:23:52,box_1870504657248,Agilent GC,RED,UNKNOWN,No valid QC data found.,
2026-01-12T17:23:52,box_1870507241056,Multitek NS,GREEN,UNKNOWN,No valid QC data found.,
2026-01-12T17:23:52,box_2201765855296,PAC Flash 2,GREEN,UNKNOWN,No valid QC data found.,
2026-01-12T17:23:52,box_1840573737440,Auto Grabner,GREEN,UNKNOWN,No valid QC data found.,
2026-01-12T17:23:52,box_1840573738448,Mini Grabner,GREEN,UNKNOWN,No valid QC data found.,
2026-01-12T17:23:52,box_2096856031904,PAC Flash 1,GREEN,UNKNOWN,No valid QC data found.,
2026-01-12T17:23:52,box_2301728638432,Viscosity,YELLOW,UNKNOWN,No valid QC data found.,
2026-01-12T17:23:52,box_1834023730592,AQUAMAX KF,GREEN,UNKNOWN,No valid QC data found.,
2026-01-13T08:34:59,box_1840573738448,Mini Grabner,GREEN,UNKNOWN,,
2026-01-13T08:34:59,box_1834023730592,AQUAMAX KF,GREEN,UNKNOWN,,
2026-01-13T08:51:05,box_1840573738448,Mini Grabner,UNKNOWN,GREEN,QC Fresh,
2026-01-13T08:57:07,box_1840573733840,Multitek S,UNKNOWN,RED,QC Out of Spec,
2026-01-13T09:02:09,box_1870507241056,Multitek NS,GREEN,YELLOW,QC stale (Last valid: 2026-01-12 09:02),
2026-01-13T09:37:22,box_1840573737440,Auto Grabner,GREEN,YELLOW,QC stale (Last valid: 2026-01-12 09:36),
2026-01-13T09:38:22,box_1870507241920,Eraspec,UNKNOWN,RED,QC Out of Spec,
2026-01-13T09:38:22,box_1870507241920,Eraspec,UNKNOWN,RED,QC Out of Spec,
2026-01-13T09:46:26,box_1834023730592,AQUAMAX KF,UNKNOWN,GREEN,QC Fresh,
data found.,
2026-01-13T09:46:26,box_1765996407293,Eraspec NIR,RED,UNKNOWN,No valid QC data found.,
2026-01-13T09:48:27,box_1840573738448,Mini Grabner,UNKNOWN,GREEN,QC Fresh,
2026-01-13T09:50:27,box_1765996407293,Eraspec NIR,UNKNOWN,RED,QC Out of Spec,
2026-01-13T09:50:27,box_1765996407293,Eraspec NIR,UNKNOWN,RED,QC Out of Spec,
2026-01-13T09:51:28,box_2096856031904,PAC Flash 1,UNKNOWN,GREEN,QC Fresh,
2026-01-13T09:52:28,box_2201765855296,PAC Flash 2,UNKNOWN,GREEN,QC Fresh,
2026-01-13T10:11:37,box_1870507241920,Eraspec,RED,UNKNOWN,No valid QC data found.,
2026-01-13T10:11:37,box_1870507241920,Eraspec,RED,UNKNOWN,No valid QC data found.,
2026-01-13T10:22:41,box_1840573737440,Auto Grabner,YELLOW,UNKNOWN,,
2026-01-13T10:22:41,box_1840573737440,Auto Grabner,UNKNOWN,GREEN,QC Fresh,
2026-01-13T10:29:45,box_2301728342368,Handheld API,UNKNOWN,GREEN,QC Fresh,
2026-01-13T11:47:21,box_175810797800002,OptiMPP 2,GREEN,UNKNOWN,,
2026-01-13T15:27:55,box_1870507241056,Multitek NS,YELLOW,UNKNOWN,,
2026-01-13T15:43:01,box_1870507241056,Multitek NS,UNKNOWN,GREEN,QC Fresh,
2026-01-13T17:37:48,box_1870504657248,Agilent GC,RED,UNKNOWN,,
2026-01-13T17:37:48,box_1870504657248,Agilent GC,UNKNOWN,RED,QC Out of Spec,
2026-01-14T08:53:18,box_2096856031904,PAC Flash 1,GREEN,YELLOW,QC stale (Last valid: 2026-01-13 08:52),
2026-01-14T08:54:18,box_2201765855296,PAC Flash 2,GREEN,YELLOW,QC stale (Last valid: 2026-01-13 08:54),
2026-01-14T09:10:24,box_2096856031904,PAC Flash 1,YELLOW,UNKNOWN,,
2026-01-14T09:11:24,box_2201765855296,PAC Flash 2,YELLOW,UNKNOWN,,
2026-01-14T09:13:25,box_1840573738448,Mini Grabner,GREEN,UNKNOWN,,
2026-01-14T09:13:25,box_1834023730592,AQUAMAX KF,GREEN,UNKNOWN,,
2026-01-14T09:16:26,box_1834023730592,AQUAMAX KF,UNKNOWN,RED,QC Out of Spec,
