Timestamp,User,Action,Details
2025-12-29 15:30:10,admin,Sample Edit,Edited sample Cloud CRM
2025-12-29 15:30:16,admin,Sample Edit,Edited sample Pour CRM
2025-12-29 16:39:11,admin,Config Update,Updated Checklists
2025-12-29 16:42:33,admin,Config Update,Updated Checklists
2025-12-30 13:49:46,admin,Config Update,Updated Checklists
2025-12-30 13:49:57,admin,Config Update,Updated Checklists
2025-12-30 13:50:32,admin,Config Update,Updated Checklists
2025-12-31 10:55:16,admin,Config Update,Updated Checklists (1 lists)
2025-12-31 10:55:28,admin,Config Update,Updated Checklists (2 lists)
2025-12-31 10:55:50,admin,Config Update,Updated Checklists (3 lists)
2025-12-31 11:10:43,admin,Config Update,Updated Checklists (3 lists)
2025-12-31 11:19:17,ryan,Config Update,Updated Checklists (3 lists)
2025-12-31 11:34:30,kp,Config Update,Updated Checklists (3 lists)
2026-01-07 09:46:54,ryan,Config Update,Updated Checklists (3 lists)
2026-01-07 15:49:02,ryan,Config Update,Updated Checklists (4 lists)
2026-01-08 11:52:14,ryan,Sample Edit,Edited sample Cloud CRM
2026-01-08 11:52:21,ryan,Sample Edit,Edited sample Pour CRM
2026-01-08 11:56:58,ryan,Sample Edit,Edited sample Cloud CRM
2026-01-08 11:57:04,ryan,Sample Edit,Edited sample Pour CRM
2026-01-08 12:56:05,ryan,Config Update,Updated Checklists (4 lists)
2026-01-08 12:57:40,ryan,Config Update,Updated Checklists (4 lists)
2026-01-09 09:02:23,ryan,Config Update,Updated Checklists (4 lists)
2026-01-09 10:31:00,ryan,Sample Edit,Edited sample AJ24
2026-01-09 10:31:08,ryan,Sample Edit,Edited sample AJ25
2026-01-09 10:36:21,ryan,Sample Add,Added sample Gas - AA25
2026-01-09 11:24:25,ryan,Sample Edit,Edited sample Gas - AA25
2026-01-09 11:25:21,ryan,Sample Edit,Edited sample Gas - AA25
2026-01-12 17:28:44,ryan,Sample Edit,Edited sample Diesel - AF25
